"vendor_product_id","vendor_id","product_sku"
1,1,"83-556-0996"
2,1,"80-441-7249"
3,1,"02-655-3240"
4,1,"84-624-0201"
5,1,"06-340-6856"
6,1,"99-033-5661"
7,1,"14-489-8669"
8,1,"89-181-4523"
9,1,"22-895-6595"
10,1,"67-725-6830"
11,1,"04-542-3863"
12,1,"99-137-1730"
13,1,"92-551-8504"
14,1,"51-069-0489"
15,1,"77-937-1108"
16,1,"69-578-7930"
17,1,"47-749-3277"
18,1,"06-955-3428"
19,1,"52-392-5312"
20,1,"83-727-0814"
21,1,"20-022-3173"
22,1,"67-710-5120"
23,1,"44-782-1395"
24,1,"30-591-7275"
25,1,"40-003-7322"
26,1,"41-316-8427"
27,1,"39-232-5341"
28,1,"54-822-9009"
29,1,"47-663-5703"
30,1,"77-224-2227"
31,1,"10-626-8536"
32,1,"90-128-7973"
33,1,"10-255-8579"
34,1,"04-758-0410"
35,1,"23-070-2433"
36,1,"56-191-6497"
37,1,"14-305-9690"
38,1,"35-353-4068"
39,1,"62-509-0666"
40,1,"45-250-4679"
41,1,"55-936-2406"
42,1,"95-354-8583"
43,1,"95-357-2870"
44,1,"71-594-6552"
45,1,"22-083-3347"
46,1,"36-636-4873"
47,1,"89-328-9019"
48,1,"89-335-0155"
49,1,"21-120-6238"
50,1,"55-803-3964"
51,1,"01-839-6534"
52,1,"67-270-7464"
53,1,"54-109-8062"
54,1,"37-567-3218"
55,1,"02-895-7781"
56,1,"69-743-0161"
57,1,"44-634-8292"
58,1,"02-170-5225"
59,1,"58-946-5152"
60,1,"57-779-4955"
61,1,"79-350-5841"
62,1,"39-358-3340"
63,1,"87-013-6488"
64,1,"29-205-1132"
65,1,"41-131-3841"
66,1,"45-992-5653"
67,1,"57-394-1587"
68,1,"17-493-4579"
69,1,"93-342-8794"
70,1,"36-372-2295"
71,1,"15-169-8058"
72,1,"44-128-2185"
73,1,"29-135-0791"
74,1,"69-171-1305"
75,1,"74-711-7160"
76,1,"92-791-0606"
77,1,"11-733-1756"
78,1,"86-257-4613"
79,1,"70-587-1204"
80,1,"89-922-4773"
81,1,"10-034-7654"
82,1,"74-234-0628"
83,1,"30-806-3823"
84,1,"62-777-6010"
85,1,"57-101-0060"
86,1,"96-961-2193"
87,1,"95-640-0293"
88,1,"19-967-0632"
89,1,"21-633-8696"
90,1,"30-429-2162"
91,1,"80-020-8041"
92,1,"73-117-6105"
93,1,"01-703-8441"
94,1,"29-377-7040"
95,1,"60-911-3745"
96,1,"56-875-3717"
97,1,"93-571-7294"
98,1,"54-708-7327"
99,1,"29-896-7926"
100,1,"65-145-9672"
101,1,"12-093-9863"
102,1,"06-690-2335"
103,1,"08-396-2704"
104,1,"53-008-2419"
105,1,"31-746-4951"
106,1,"78-956-4737"
107,1,"42-674-3917"
108,1,"06-068-6793"
109,1,"56-937-8675"
110,1,"07-834-3320"
111,1,"47-866-6589"
112,1,"53-930-2215"
113,1,"67-512-9754"
114,1,"27-459-0724"
115,1,"53-680-5293"
116,1,"23-265-8144"
117,1,"18-278-2383"
118,1,"08-495-6853"
119,1,"18-107-7886"
120,1,"06-503-5891"
121,1,"40-793-7235"
122,1,"39-449-0772"
123,1,"60-456-8169"
124,1,"49-891-4927"
125,1,"60-327-4114"
126,1,"41-526-4036"
127,1,"14-521-4167"
128,1,"48-770-6319"
129,1,"66-716-8221"
130,1,"96-682-8546"
131,1,"83-400-9746"
132,1,"95-130-9020"
133,1,"49-570-8214"
134,1,"70-149-6756"
135,1,"46-753-8430"
136,1,"13-798-3397"
137,1,"55-631-7937"
138,1,"00-215-7434"
139,1,"80-375-9075"
140,1,"66-806-6051"
141,1,"45-402-0421"
142,1,"24-364-3341"
143,1,"41-237-5498"
144,1,"27-757-4489"
145,1,"79-400-6216"
146,1,"51-312-8608"
147,1,"59-857-6577"
148,1,"83-553-9523"
149,1,"97-093-4278"
150,1,"10-218-2680"
151,1,"98-858-6323"
152,1,"98-546-7398"
153,1,"01-820-5784"
154,1,"18-199-5799"
155,1,"62-998-7250"
156,1,"93-218-8108"
157,1,"56-894-3733"
158,1,"26-134-9069"
159,1,"46-452-9419"
160,1,"02-034-6209"
161,1,"82-711-0772"
162,1,"95-349-0828"
163,1,"33-807-7247"
164,1,"39-629-5554"
165,1,"17-253-5688"
166,1,"91-553-1774"
167,1,"00-963-2193"
168,1,"39-913-2999"
169,1,"73-567-6194"
170,1,"37-606-0510"
171,1,"87-762-1317"
172,1,"41-594-5069"
173,1,"90-773-9557"
174,1,"92-995-8689"
175,1,"34-861-4446"
176,1,"42-141-5718"
177,1,"99-961-0767"
178,1,"00-842-9790"
179,1,"08-213-2058"
180,1,"09-286-8107"
181,1,"51-761-6320"
182,1,"49-730-0159"
183,1,"39-768-8205"
184,1,"83-321-7887"
185,1,"28-146-2641"
186,1,"03-441-4252"
187,1,"43-693-2092"
188,1,"69-674-5387"
189,1,"74-181-4135"
190,1,"26-000-1012"
191,1,"39-315-3936"
192,1,"58-229-1358"
193,1,"34-538-1180"
194,1,"11-815-7923"
195,1,"34-131-8805"
196,1,"98-499-2220"
197,1,"70-206-4860"
198,1,"32-261-0008"
199,1,"98-064-4465"
200,1,"49-579-4325"
201,1,"96-209-1739"
202,1,"50-329-3145"
203,1,"65-368-2479"
204,1,"46-931-6897"
205,1,"27-262-2437"
206,1,"81-578-7404"
207,1,"03-149-9760"
208,1,"36-177-0573"
209,1,"51-459-5630"
210,1,"92-291-7089"
211,1,"36-127-4273"
212,1,"98-148-0940"
213,1,"22-760-4605"
214,1,"02-085-7218"
215,1,"84-327-7787"
216,1,"35-257-9312"
217,1,"44-305-1866"
218,1,"07-389-5740"
219,1,"50-772-2613"
220,1,"12-714-5135"
221,1,"66-268-8345"
222,1,"85-212-2729"
223,1,"57-861-4379"
224,1,"89-602-6755"
225,1,"72-341-1154"
226,1,"87-272-6544"
227,1,"61-607-7622"
228,1,"80-371-3695"
229,1,"62-393-9939"
230,1,"40-913-9772"
231,1,"76-070-1411"
232,1,"12-998-3882"
233,1,"21-890-2826"
234,1,"57-613-5779"
235,1,"06-996-3221"
236,1,"12-828-1063"
237,1,"97-300-7511"
238,1,"02-508-3777"
239,1,"43-164-5984"
240,1,"33-378-1365"
241,1,"31-387-5020"
242,1,"68-436-1268"
243,1,"85-440-3667"
244,1,"70-542-4269"
245,1,"43-193-9915"
246,2,"11-032-9778"
247,2,"88-746-9468"
248,2,"75-672-4378"
249,2,"80-025-6757"
250,2,"02-974-8526"
251,2,"11-581-9869"
252,2,"83-625-3618"
253,2,"53-151-5726"
254,2,"27-495-1912"
255,2,"13-900-9016"
256,2,"09-712-3630"
257,2,"11-766-8738"
258,2,"57-437-1828"
259,2,"02-559-8196"
260,2,"05-498-7751"
261,2,"03-276-3931"
262,2,"16-499-5059"
263,2,"90-303-1821"
264,2,"80-658-6456"
265,2,"81-844-2979"
266,2,"37-709-3532"
267,2,"61-680-9496"
268,2,"66-993-4234"
269,2,"46-911-1159"
270,2,"10-137-9759"
271,2,"01-903-5373"
272,2,"07-679-1199"
273,2,"32-933-0329"
274,2,"71-085-4290"
275,2,"75-152-8731"
276,2,"01-026-2772"
277,2,"93-014-4256"
278,2,"89-388-3239"
279,2,"70-534-7796"
280,2,"40-126-0515"
281,2,"15-240-6267"
282,2,"13-980-8804"
283,2,"38-390-2115"
284,2,"35-529-2933"
285,2,"22-621-2774"
286,2,"48-242-8445"
287,2,"82-948-2298"
288,2,"89-624-7462"
289,2,"71-015-9181"
290,2,"91-105-7317"
291,2,"68-977-6854"
292,2,"11-338-4598"
293,2,"05-425-0746"
294,2,"93-198-5984"
295,2,"69-895-3397"
296,2,"63-936-0145"
297,2,"94-190-5193"
298,2,"63-168-6018"
299,2,"06-797-4963"
300,2,"91-127-7489"
301,2,"79-428-8753"
302,2,"19-854-3663"
303,2,"52-402-9245"
304,2,"13-888-0149"
305,2,"00-366-9496"
306,2,"50-942-2409"
307,2,"05-193-8096"
308,2,"24-989-3302"
309,2,"98-235-2711"
310,2,"38-924-3007"
311,2,"03-833-3577"
312,2,"85-207-4164"
313,2,"26-690-3784"
314,2,"99-194-5600"
315,2,"11-745-3025"
316,2,"26-161-6692"
317,2,"74-587-2065"
318,2,"07-970-9352"
319,2,"71-436-5841"
320,2,"40-751-8635"
321,2,"65-867-4029"
322,2,"40-021-2400"
323,2,"44-637-5512"
324,2,"47-548-6500"
325,2,"48-957-6116"
326,2,"25-010-9478"
327,2,"31-803-5001"
328,2,"28-008-2951"
329,2,"98-556-5323"
330,2,"71-300-2191"
331,2,"15-797-4824"
332,2,"67-027-7269"
333,2,"57-359-3397"
334,2,"48-461-3742"
335,2,"08-196-2703"
336,2,"34-709-9237"
337,2,"08-637-9335"
338,2,"21-993-5632"
339,2,"74-642-2435"
340,2,"97-772-2336"
341,2,"76-401-7083"
342,2,"80-334-0215"
343,2,"73-997-6251"
344,2,"80-988-4653"
345,2,"17-265-1899"
346,2,"28-840-6096"
347,2,"76-264-0748"
348,2,"38-732-7667"
349,2,"82-538-4809"
350,2,"87-199-2743"
351,2,"04-637-8815"
352,2,"85-561-4694"
353,2,"68-977-2498"
354,2,"91-848-0606"
355,2,"87-997-0228"
356,2,"28-986-8001"
357,2,"61-582-7399"
358,2,"17-002-4721"
359,2,"22-849-2551"
360,2,"90-492-0564"
361,2,"08-573-9997"
362,2,"15-562-3712"
363,2,"72-989-2512"
364,2,"76-340-4432"
365,2,"37-248-6266"
366,2,"12-239-9399"
367,2,"16-380-0753"
368,2,"82-977-7752"
369,2,"29-875-6900"
370,2,"11-073-0189"
371,2,"79-494-2472"
372,2,"67-130-4114"
373,2,"33-507-9886"
374,2,"88-586-8797"
375,2,"60-771-0879"
376,2,"60-747-8704"
377,2,"75-927-9108"
378,2,"43-910-2342"
379,2,"17-236-0566"
380,2,"76-540-6407"
381,2,"70-612-2531"
382,2,"13-144-2169"
383,2,"34-086-3222"
384,2,"64-478-4745"
385,2,"68-734-1585"
386,2,"79-920-2395"
387,2,"91-417-0366"
388,2,"71-999-2404"
389,2,"52-481-5224"
390,2,"63-822-5278"
391,2,"64-119-7804"
392,2,"19-112-1616"
393,2,"51-462-0747"
394,2,"68-761-6907"
395,2,"49-199-6836"
396,2,"44-476-0390"
397,2,"34-110-1040"
398,2,"11-325-7396"
399,2,"58-063-8633"
400,2,"37-666-3902"
401,2,"63-897-8088"
402,2,"15-884-7413"
403,2,"66-378-7532"
404,2,"89-543-3456"
405,2,"01-173-0029"
406,2,"17-022-9721"
407,2,"74-818-3306"
408,2,"44-546-5713"
409,2,"30-996-2526"
410,2,"24-571-1080"
411,2,"24-975-4231"
412,2,"49-526-7806"
413,2,"28-505-8317"
414,2,"94-658-4945"
415,2,"08-940-8578"
416,2,"94-092-3355"
417,2,"74-430-8245"
418,2,"69-287-9113"
419,2,"21-013-3508"
420,2,"56-054-8664"
421,2,"99-543-5039"
422,2,"47-221-2470"
423,2,"44-552-3909"
424,2,"05-720-8792"
425,2,"92-652-3737"
426,2,"15-846-7959"
427,2,"08-519-5579"
428,2,"74-404-0582"
429,2,"93-772-3085"
430,2,"94-029-2717"
431,2,"65-644-1394"
432,2,"40-630-1431"
433,2,"51-572-5497"
434,2,"93-966-7754"
435,2,"02-575-1980"
436,2,"73-874-7534"
437,2,"28-608-0039"
438,2,"15-907-3681"
439,2,"79-884-8810"
440,2,"60-285-3783"
441,2,"02-888-9412"
442,2,"25-911-7736"
443,2,"67-248-6306"
444,2,"78-362-8578"
445,2,"80-039-1261"
446,2,"12-342-4482"
447,2,"03-061-1344"
448,2,"60-644-6596"
449,2,"26-535-4727"
450,2,"31-403-6234"
451,2,"85-781-5386"
452,2,"53-050-8242"
453,2,"52-797-6961"
454,2,"61-827-4098"
455,2,"36-330-5036"
456,2,"83-966-3280"
457,2,"47-554-5780"
458,2,"91-426-3204"
459,2,"24-579-6500"
460,2,"50-930-4751"
461,2,"60-550-4771"
462,2,"54-830-6971"
463,2,"99-561-4871"
464,2,"46-255-3073"
465,2,"71-954-4501"
466,2,"40-462-2952"
467,2,"01-144-5960"
468,2,"88-807-8431"
469,2,"37-610-1999"
470,2,"81-268-5905"
471,2,"51-934-9117"
472,2,"67-625-9704"
473,2,"00-119-8780"
474,2,"87-791-5803"
475,2,"31-255-9616"
476,2,"80-072-8774"
477,2,"98-445-7372"
478,2,"83-716-2177"
479,2,"55-164-7723"
480,2,"88-069-5486"
481,2,"28-275-5901"
482,2,"19-377-5021"
483,2,"41-729-5410"
484,2,"06-336-5482"
485,2,"45-852-2446"
486,2,"56-831-6199"
487,2,"03-919-9890"
488,2,"47-802-5023"
489,2,"94-528-8088"
490,2,"39-479-5147"
491,2,"35-835-5591"
492,3,"88-586-8797"
493,3,"53-151-5726"
494,3,"17-022-9721"
495,3,"38-617-7226"
496,3,"25-911-7736"
497,3,"63-168-6018"
498,3,"08-940-8578"
499,3,"01-173-0029"
500,3,"27-269-5260"
501,3,"34-709-9237"
502,3,"45-172-7012"
503,3,"29-344-3658"
504,3,"05-193-8096"
505,3,"89-388-3239"
506,3,"67-025-1245"
507,3,"31-745-6850"
508,3,"44-408-7594"
509,3,"64-478-4745"
510,3,"60-747-8704"
511,3,"00-405-7428"
512,3,"32-933-0329"
513,3,"57-903-6434"
514,3,"85-207-4164"
515,3,"04-637-8815"
516,3,"48-461-3742"
517,3,"13-980-8804"
518,3,"77-959-1018"
519,3,"74-548-9313"
520,3,"99-194-5600"
521,3,"20-448-2972"
522,3,"15-240-6267"
523,3,"80-025-6757"
524,3,"03-833-3577"
525,3,"20-325-1965"
526,3,"73-874-7534"
527,3,"03-276-3931"
528,3,"91-417-0366"
529,3,"30-964-2694"
530,3,"19-112-1616"
531,3,"52-481-5224"
532,3,"50-364-5828"
533,3,"45-380-4627"
534,3,"17-236-0566"
535,3,"68-977-6854"
536,3,"83-117-7658"
537,3,"93-682-2069"
538,3,"49-526-7806"
539,3,"71-999-2404"
540,3,"92-362-3567"
541,3,"65-644-1394"
542,3,"21-718-6746"
543,3,"53-667-4109"
544,3,"87-675-1506"
545,3,"61-582-7399"
546,3,"74-132-5528"
547,3,"13-888-0149"
548,3,"47-843-8207"
549,3,"79-428-8753"
550,3,"07-679-1199"
551,3,"25-349-7974"
552,3,"40-902-1995"
553,3,"11-745-3025"
554,3,"47-548-6500"
555,3,"28-008-2951"
556,3,"93-966-7754"
557,3,"01-050-2246"
558,3,"10-378-9729"
559,3,"37-246-0018"
560,3,"71-085-4290"
561,3,"38-296-6634"
562,3,"94-190-5193"
563,3,"91-127-7489"
564,3,"13-962-6263"
565,3,"82-977-7752"
566,3,"27-474-0056"
567,3,"87-997-0228"
568,3,"94-092-3355"
569,3,"04-453-5485"
570,3,"36-899-5324"
571,3,"78-362-8578"
572,3,"17-395-1121"
573,3,"05-720-8792"
574,3,"22-329-7791"
575,3,"00-440-9568"
576,3,"74-587-2065"
577,3,"79-920-2395"
578,3,"15-762-1058"
579,3,"11-581-9869"
580,3,"46-911-1159"
581,3,"48-957-8596"
582,3,"88-746-9468"
583,3,"11-053-0107"
584,3,"74-818-3306"
585,3,"54-281-3746"
586,3,"93-772-3085"
587,3,"67-248-6306"
588,3,"51-572-5497"
589,3,"27-635-8394"
590,3,"24-975-4231"
591,3,"43-703-9939"
592,3,"28-044-4102"
593,3,"16-380-0753"
594,3,"69-287-9113"
595,3,"12-239-9399"
596,3,"67-382-4435"
597,3,"19-214-5762"
598,3,"07-337-9889"
599,3,"02-575-1980"
600,3,"99-543-5039"
601,3,"38-655-2312"
602,3,"15-907-3681"
603,3,"28-608-0039"
604,3,"74-404-0582"
605,3,"11-338-4598"
606,3,"28-840-6096"
607,3,"40-751-8635"
608,3,"61-680-9496"
609,3,"74-430-8245"
610,3,"40-126-0515"
611,3,"01-026-2772"
612,3,"73-997-6251"
613,3,"32-270-1385"
614,3,"52-123-8039"
615,3,"91-848-0606"
616,3,"87-199-2743"
617,3,"71-300-2191"
618,3,"44-637-5512"
619,3,"21-013-3508"
620,3,"37-666-3902"
621,3,"29-092-3453"
622,3,"85-561-4694"
623,3,"11-325-7396"
624,3,"17-265-1899"
625,3,"13-900-9016"
626,3,"49-311-3063"
627,3,"83-917-7384"
628,3,"60-771-0879"
629,3,"37-248-6266"
630,3,"09-712-3630"
631,3,"90-492-0564"
632,3,"57-437-1828"
633,3,"84-546-7624"
634,3,"89-624-7462"
635,3,"33-507-9886"
636,3,"74-642-2435"
637,3,"11-073-0189"
638,3,"68-761-6907"
639,3,"08-573-9997"
640,3,"72-066-4597"
641,3,"88-401-3700"
642,3,"08-226-5155"
643,3,"52-402-9245"
644,3,"20-031-0532"
645,3,"06-797-4963"
646,3,"37-709-3532"
647,3,"20-283-0111"
648,3,"33-440-2588"
649,3,"66-378-7532"
650,3,"15-082-9124"
651,3,"84-272-0790"
652,3,"38-924-3007"
653,3,"76-401-7083"
654,3,"45-194-4094"
655,3,"92-652-3737"
656,3,"65-867-4029"
657,3,"82-931-7126"
658,3,"14-836-2894"
659,3,"22-849-2551"
660,3,"25-353-2067"
661,3,"29-823-6004"
662,3,"75-672-4378"
663,3,"15-846-7959"
664,3,"19-021-5024"
665,3,"80-334-0215"
666,3,"46-496-2930"
667,3,"76-027-4850"
668,3,"08-196-2703"
669,3,"38-664-2155"
670,3,"70-534-7796"
671,3,"75-152-8731"
672,3,"12-439-8428"
673,3,"94-658-4945"
674,3,"24-571-1080"
675,3,"27-495-1912"
676,3,"34-086-3222"
677,3,"15-562-3712"
678,3,"48-242-8445"
679,3,"13-673-7016"
680,3,"63-936-0145"
681,3,"80-988-4653"
682,3,"36-679-4670"
683,3,"98-575-4736"
684,3,"11-032-9778"
685,3,"22-621-2774"
686,4,"82-711-0772"
687,4,"22-778-3553"
688,4,"40-793-7235"
689,4,"85-440-3667"
690,4,"34-131-8805"
691,4,"47-866-6589"
692,4,"49-579-4325"
693,4,"57-861-4379"
694,4,"98-148-0940"
695,4,"73-567-6194"
696,4,"95-449-1286"
697,4,"39-768-8205"
698,4,"84-327-7787"
699,4,"00-842-9790"
700,4,"46-452-9419"
701,4,"95-130-9020"
702,4,"13-798-3397"
703,4,"39-629-5554"
704,4,"06-068-6793"
705,4,"55-522-8242"
706,4,"91-553-1774"
707,4,"76-623-7844"
708,4,"98-499-2220"
709,4,"61-796-6540"
710,4,"55-631-7937"
711,4,"62-998-7250"
712,4,"31-387-5020"
713,4,"20-405-4865"
714,4,"76-090-4411"
715,4,"50-329-3145"
716,4,"98-064-4465"
717,4,"44-305-1866"
718,4,"81-573-0943"
719,4,"92-291-7089"
720,4,"86-672-4191"
721,4,"18-278-2383"
722,4,"97-093-4278"
723,4,"62-393-9939"
724,4,"87-762-1317"
725,4,"95-349-0828"
726,4,"65-464-5070"
727,4,"11-815-7923"
728,4,"57-613-5779"
729,4,"36-177-0573"
730,4,"02-085-7218"
731,4,"40-913-9772"
732,4,"07-858-5487"
733,4,"70-542-4269"
734,4,"08-961-3009"
735,4,"26-000-1012"
736,4,"07-389-5740"
737,4,"51-761-6320"
738,4,"70-871-4536"
739,4,"59-075-2457"
740,4,"06-996-3221"
741,4,"32-261-0008"
742,4,"85-212-2729"
743,4,"06-503-5891"
744,4,"58-229-1358"
745,4,"34-861-4446"
746,4,"00-215-7434"
747,4,"50-772-2613"
748,4,"40-997-2786"
749,4,"27-757-4489"
750,4,"66-268-8345"
751,4,"68-418-6724"
752,4,"00-963-2193"
753,4,"80-375-9075"
754,4,"21-890-2826"
755,4,"68-436-1268"
756,4,"43-193-9915"
757,4,"53-930-2215"
758,4,"46-931-6897"
759,4,"98-858-6323"
760,4,"02-508-3777"
761,4,"48-770-6319"
762,4,"65-368-2479"
763,4,"80-371-3695"
764,4,"03-441-4252"
765,4,"12-828-1063"
766,4,"17-253-5688"
767,4,"67-984-5368"
768,4,"97-040-3822"
769,4,"39-449-0772"
770,4,"81-578-7404"
771,4,"28-146-2641"
772,4,"60-456-8169"
773,4,"24-972-6969"
774,4,"56-894-3733"
775,4,"27-783-5470"
776,4,"08-213-2058"
777,4,"42-141-5718"
778,4,"70-149-6756"
779,4,"60-327-4114"
780,4,"41-594-5069"
781,4,"56-937-8675"
782,4,"93-218-8108"
783,4,"36-127-4273"
784,4,"22-760-4605"
785,4,"83-763-5038"
786,4,"85-835-3445"
787,4,"31-157-1822"
788,4,"67-512-9754"
789,4,"39-913-2999"
790,4,"12-798-9401"
791,4,"04-104-6993"
792,4,"79-400-6216"
793,4,"45-402-0421"
794,4,"43-693-2092"
795,4,"89-602-6755"
796,4,"82-678-8097"
797,4,"51-459-5630"
798,4,"96-682-8546"
799,4,"18-107-7886"
800,4,"07-834-3320"
801,4,"34-538-1180"
802,4,"98-546-7398"
803,4,"70-206-4860"
804,4,"49-891-4927"
805,4,"02-034-6209"
806,4,"14-521-4167"
807,4,"72-341-1154"
808,4,"18-199-5799"
809,4,"96-503-7712"
810,4,"83-108-1174"
811,4,"70-854-6891"
812,4,"73-561-2867"
813,4,"10-555-5971"
814,4,"26-629-5920"
815,4,"75-094-1179"
816,4,"28-433-8533"
817,4,"97-710-2449"
818,4,"65-759-3721"
819,4,"31-211-5803"
820,4,"24-986-5091"
821,4,"56-635-6764"
822,4,"30-832-5429"
823,4,"89-673-1543"
824,4,"17-274-6898"
825,4,"53-080-8252"
826,4,"40-205-8252"
827,4,"94-697-2396"
828,4,"93-813-2419"
829,4,"65-780-5622"
830,4,"74-562-7431"
831,4,"71-074-6292"
832,4,"20-054-3716"
833,4,"74-943-9034"
834,4,"69-834-2874"
835,4,"15-796-3130"
836,4,"62-100-2245"
837,4,"75-029-9003"
838,4,"63-890-1246"
839,4,"85-806-0613"
840,4,"04-038-1547"
841,4,"01-018-6418"
842,4,"76-476-9996"
843,4,"16-354-8122"
844,4,"41-538-3129"
845,4,"24-478-8277"
846,4,"41-475-5305"
847,4,"21-650-9319"
848,4,"88-183-5781"
849,4,"19-610-2236"
850,4,"91-290-9062"
851,4,"24-310-9184"
852,4,"99-420-3592"
853,4,"60-343-7973"
854,4,"47-441-7682"
855,4,"65-235-7676"
856,4,"28-107-4953"
857,4,"70-815-4015"
858,4,"60-632-8752"
859,4,"82-342-7339"
860,4,"63-270-7076"
861,4,"85-510-2915"
862,4,"38-049-9319"
863,5,"60-198-7050"
864,5,"46-436-5351"
865,5,"78-237-0277"
866,5,"31-969-4614"
867,5,"74-610-2295"
868,5,"86-482-6451"
869,5,"14-550-2152"
870,5,"13-409-9040"
871,5,"00-641-8691"
872,5,"06-706-6490"
873,5,"96-334-2593"
874,5,"55-154-4728"
875,5,"27-442-3654"
876,5,"85-806-8672"
877,5,"86-330-0214"
878,5,"57-394-4703"
879,5,"24-228-6840"
880,5,"74-845-3299"
881,5,"51-000-8113"
882,5,"11-155-7826"
883,5,"36-918-2937"
884,5,"95-262-6208"
885,5,"55-680-0982"
886,5,"88-951-9038"
887,5,"87-097-5691"
888,5,"40-810-9261"
889,5,"79-136-9840"
890,5,"24-009-1208"
891,5,"04-001-1793"
892,5,"59-725-4038"
893,5,"83-704-6367"
894,5,"48-427-0551"
895,5,"47-221-3391"
896,5,"16-187-5729"
897,5,"67-473-7093"
898,5,"14-844-4138"
899,5,"37-064-7275"
900,5,"41-735-9837"
901,5,"27-881-1177"
902,5,"84-629-1532"
903,5,"58-122-2282"
904,5,"05-184-4175"
905,5,"00-534-9775"
906,5,"26-799-3714"
907,5,"76-954-1442"
908,5,"15-045-8444"
909,5,"93-166-3169"
910,5,"80-459-5950"
911,5,"32-987-5559"
912,5,"19-244-9890"
913,5,"48-414-6162"
914,5,"61-801-8665"
915,5,"63-956-0739"
916,5,"28-185-7303"
917,5,"57-562-2358"
918,5,"21-816-1004"
919,5,"72-810-9753"
920,5,"52-029-2382"
921,5,"89-713-6071"
922,5,"00-357-2313"
923,5,"84-198-7276"
924,5,"03-940-0630"
925,5,"90-343-9640"
926,5,"06-611-5454"
927,5,"65-718-0492"
928,5,"58-219-0241"
929,5,"93-815-0565"
930,5,"44-480-9446"
931,5,"11-891-8213"
932,5,"97-283-4840"
933,5,"11-604-6002"
934,5,"76-325-9093"
935,5,"04-240-2226"
936,5,"50-679-2072"
937,5,"48-289-0604"
938,5,"35-299-0889"
939,5,"73-118-1117"
940,5,"76-459-2392"
941,5,"09-536-2626"
942,5,"44-368-7112"
943,5,"60-311-5701"
944,5,"92-837-8839"
945,5,"66-327-2821"
946,5,"62-795-7801"
947,5,"06-849-4869"
948,5,"45-317-9731"
949,5,"21-252-1360"
950,5,"10-617-7581"
951,5,"82-811-7988"
952,5,"72-970-0239"
953,5,"72-780-6006"
954,5,"27-216-9671"
955,5,"71-516-1996"
956,5,"26-031-8070"
957,5,"64-854-8664"
958,5,"67-546-1568"
959,5,"23-395-3157"
960,5,"87-391-9658"
961,5,"01-439-6231"
962,5,"12-046-2988"
963,5,"82-243-3180"
964,5,"74-294-3760"
965,5,"96-164-0607"
966,5,"43-153-8268"
967,5,"24-143-4957"
968,5,"33-335-9140"
969,5,"78-953-2073"
970,5,"42-907-6946"
971,5,"79-569-8856"
972,6,"21-693-8216"
973,6,"11-604-6002"
974,6,"72-810-9753"
975,6,"42-134-9798"
976,6,"88-408-0310"
977,6,"06-611-5454"
978,6,"56-668-5370"
979,6,"58-219-0241"
980,6,"71-516-1996"
981,6,"93-815-0565"
982,6,"86-692-2312"
983,6,"87-391-9658"
984,6,"48-193-1199"
985,6,"24-143-4957"
986,6,"83-573-4586"
987,6,"74-294-3760"
988,6,"35-299-0889"
989,6,"88-602-8210"
990,6,"79-569-8856"
991,6,"65-718-0492"
992,6,"77-013-1553"
993,6,"06-858-5680"
994,6,"84-075-7647"
995,6,"21-252-1360"
996,6,"00-357-2313"
997,6,"76-325-9093"
998,6,"23-395-3157"
999,6,"75-080-4909"
1000,6,"82-811-7988"
1001,6,"45-317-9731"
1002,6,"64-418-8356"
1003,6,"60-311-5701"
1004,6,"43-153-8268"
1005,6,"27-216-9671"
1006,6,"76-584-4790"
1007,6,"01-439-6231"
1008,6,"03-940-0630"
1009,6,"14-331-3739"
1010,6,"05-899-1428"
1011,6,"95-090-2788"
1012,6,"77-827-0820"
1013,6,"44-368-7112"
1014,6,"00-842-9790"
1015,6,"67-984-5368"
1016,6,"21-890-2826"
1017,6,"07-389-5740"
1018,6,"48-770-6319"
1019,6,"20-405-4865"
1020,6,"49-730-0159"
1021,6,"73-567-6194"
1022,6,"42-141-5718"
1023,6,"27-757-4489"
1024,6,"01-820-5784"
1025,6,"90-773-9557"
1026,6,"51-459-5630"
1027,6,"46-753-8430"
1028,6,"96-209-1739"
1029,6,"65-464-5070"
1030,6,"41-594-5069"
1031,6,"97-300-7511"
1032,6,"61-607-7622"
1033,6,"80-371-3695"
1034,6,"31-157-1822"
1035,6,"12-998-3882"
1036,6,"39-768-8205"
1037,6,"82-678-8097"
1038,6,"83-400-9746"
1039,6,"02-034-6209"
1040,6,"82-380-5378"
1041,6,"43-164-5984"
1042,6,"65-674-6076"
1043,6,"76-070-1411"
1044,6,"81-573-0943"
1045,6,"93-218-8108"
1046,6,"98-546-7398"
1047,6,"35-836-6718"
1048,6,"56-894-3733"
1049,6,"18-199-5799"
1050,6,"14-521-4167"
1051,6,"18-107-7886"
1052,6,"27-262-2437"
1053,6,"58-229-1358"
1054,6,"10-218-2680"
1055,6,"07-858-5487"
1056,6,"27-459-0724"
1057,6,"34-131-8805"
1058,6,"35-621-2546"
1059,6,"83-553-9523"
1060,6,"62-998-7250"
1061,6,"26-000-1012"
1062,6,"67-512-9754"
1063,6,"43-693-2092"
1064,6,"12-828-1063"
1065,6,"85-440-3667"
1066,6,"45-402-0421"
1067,6,"08-961-3009"
1068,6,"99-961-0767"
1069,6,"55-697-5242"
1070,6,"12-798-9401"
1071,6,"49-919-8798"
1072,6,"54-374-9986"
1073,6,"44-305-1866"
1074,6,"32-261-0008"
1075,6,"40-997-2786"
1076,6,"26-134-9069"
1077,6,"95-130-9020"
1078,6,"36-177-0573"
1079,6,"65-368-2479"
1080,6,"83-763-5038"
1081,6,"50-772-2613"
1082,6,"66-716-8221"
1083,6,"97-040-3822"
1084,6,"22-778-3553"
1085,6,"40-793-7235"
1086,6,"92-995-8689"
1087,6,"89-602-6755"
1088,6,"39-629-5554"
1089,6,"33-378-1365"
1090,6,"02-085-7218"
1091,6,"11-815-7923"
1092,6,"70-542-4269"
1093,6,"08-213-2058"
1094,6,"95-349-0828"
1095,6,"24-972-6969"
1096,6,"39-449-0772"
1097,6,"34-861-4446"
1098,6,"25-522-6043"
1099,6,"14-305-5348"
1100,6,"66-806-6051"
1101,6,"31-387-5020"
1102,6,"18-278-2383"
1103,6,"87-762-1317"
1104,6,"92-291-7089"
1105,6,"70-871-4536"
1106,6,"96-682-8546"
1107,6,"03-149-9760"
1108,6,"04-104-6993"
1109,6,"84-327-7787"
1110,6,"97-093-4278"
1111,6,"69-674-5387"
1112,6,"56-937-8675"
1113,6,"43-193-9915"
1114,6,"39-913-2999"
1115,7,"41-538-3129"
1116,7,"75-094-1179"
1117,7,"54-758-4622"
1118,7,"74-943-9034"
1119,7,"65-780-5622"
1120,7,"17-274-6898"
1121,7,"58-182-6781"
1122,7,"89-673-1543"
1123,7,"82-342-7339"
1124,7,"76-476-9996"
1125,7,"74-562-7431"
1126,7,"71-074-6292"
1127,7,"28-433-8533"
1128,7,"96-503-7712"
1129,7,"62-100-2245"
1130,7,"19-610-2236"
1131,7,"16-354-8122"
1132,7,"61-317-9944"
1133,7,"30-832-5429"
1134,7,"75-029-9003"
1135,7,"65-759-3721"
1136,7,"15-796-3130"
1137,7,"01-018-6418"
1138,7,"94-697-2396"
1139,7,"40-205-8252"
1140,7,"83-108-1174"
1141,7,"26-629-5920"
1142,7,"94-525-6925"
1143,7,"63-890-1246"
1144,7,"34-291-4939"
1145,7,"88-183-5781"
1146,7,"38-049-9319"
1147,7,"31-211-5803"
1148,7,"80-698-0324"
1149,7,"56-657-4387"
1150,7,"24-310-9184"
1151,7,"47-441-7682"
1152,7,"53-080-8252"
1153,7,"85-806-0613"
1154,7,"10-768-2443"
1155,7,"65-235-7676"
1156,7,"10-555-5971"
1157,7,"53-805-9523"
1158,7,"02-920-4829"
1159,7,"41-475-5305"
1160,7,"24-478-8277"
1161,7,"97-710-2449"
1162,7,"56-635-6764"
1163,7,"24-986-5091"
1164,7,"88-977-0175"
1165,7,"51-273-4240"
1166,7,"60-632-8752"
1167,7,"60-343-7973"
1168,7,"91-290-9062"
1169,7,"63-270-7076"
1170,7,"28-107-4953"
1171,7,"85-510-2915"
1172,7,"93-813-2419"
1173,8,"09-101-1740"
1174,8,"30-429-2162"
1175,8,"92-791-0606"
1176,8,"35-353-4068"
1177,8,"95-357-2870"
1178,8,"62-816-8794"
1179,8,"47-663-5703"
1180,8,"36-531-4087"
1181,8,"90-230-9767"
1182,8,"10-249-7928"
1183,8,"37-567-3218"
1184,8,"06-690-2335"
1185,8,"71-594-6552"
1186,8,"96-961-2193"
1187,8,"42-674-3917"
1188,8,"77-937-1108"
1189,8,"40-003-7322"
1190,8,"53-710-7630"
1191,8,"87-423-8486"
1192,8,"29-896-7926"
1193,8,"12-093-9863"
1194,8,"89-181-4523"
1195,8,"83-727-0814"
1196,8,"46-520-1819"
1197,8,"39-358-3340"
1198,8,"09-335-7793"
1199,8,"74-711-7160"
1200,8,"20-022-3173"
1201,8,"02-170-5225"
1202,8,"58-946-5152"
1203,8,"28-197-9246"
1204,8,"29-205-1132"
1205,8,"56-191-6497"
1206,8,"77-377-1659"
1207,8,"02-484-0206"
1208,8,"77-777-4536"
1209,8,"79-350-5841"
1210,8,"99-894-4351"
1211,8,"11-733-1756"
1212,8,"21-809-7115"
1213,8,"45-050-4720"
1214,8,"44-782-1395"
1215,8,"53-146-9979"
1216,8,"46-622-3434"
1217,8,"19-967-0632"
1218,8,"55-803-3964"
1219,8,"36-636-4873"
1220,8,"87-013-6488"
1221,8,"01-703-8441"
1222,8,"07-617-6934"
1223,8,"56-303-5256"
1224,8,"50-329-3360"
1225,8,"90-737-0044"
1226,8,"69-578-7930"
1227,8,"65-145-9672"
1228,8,"82-231-4245"
1229,8,"28-003-8065"
1230,8,"72-404-5581"
1231,8,"10-255-8579"
1232,8,"54-708-7327"
1233,8,"29-592-7315"
1234,8,"39-810-2042"
1235,8,"74-234-0628"
1236,8,"07-846-4804"
1237,8,"22-083-3347"
1238,8,"89-335-0155"
1239,8,"45-250-4679"
1240,8,"93-571-7294"
1241,8,"04-758-0410"
1242,8,"06-655-5498"
1243,8,"90-128-7973"
1244,8,"94-598-3383"
1245,8,"34-547-0827"
1246,8,"36-372-2295"
1247,8,"31-746-4951"
1248,8,"60-911-3745"
1249,8,"38-417-4656"
1250,8,"78-956-4737"
1251,8,"54-822-9009"
1252,8,"86-978-6666"
1253,8,"70-587-1204"
1254,8,"67-710-5120"
1255,8,"56-875-3717"
1256,8,"30-806-3823"
1257,8,"67-725-6830"
1258,8,"55-936-2406"
1259,8,"57-779-4955"
1260,8,"09-618-2842"
1261,8,"80-441-7249"
1262,8,"06-340-6856"
1263,8,"84-624-0201"
1264,8,"22-895-6595"
1265,9,"58-122-2282"
1266,9,"21-816-1004"
1267,9,"86-482-6451"
1268,9,"74-845-3299"
1269,9,"74-610-2295"
1270,9,"38-555-9147"
1271,9,"04-001-1793"
1272,9,"27-442-3654"
1273,9,"85-806-8672"
1274,9,"93-166-3169"
1275,9,"43-469-7551"
1276,9,"16-632-1308"
1277,9,"40-681-9981"
1278,9,"76-954-1442"
1279,9,"31-969-4614"
1280,9,"00-641-8691"
1281,9,"40-810-9261"
1282,9,"41-735-9837"
1283,9,"06-706-6490"
1284,9,"00-534-9775"
1285,9,"92-455-2959"
1286,9,"95-262-6208"
1287,9,"20-225-3930"
1288,9,"13-409-9040"
1289,9,"40-860-4532"
1290,9,"15-045-8444"
1291,9,"88-951-9038"
1292,9,"05-184-4175"
1293,9,"48-414-6162"
1294,9,"37-064-7275"
1295,9,"24-009-1208"
1296,9,"67-473-7093"
1297,9,"85-237-3505"
1298,9,"95-738-4658"
1299,9,"79-136-9840"
1300,9,"60-198-7050"
1301,9,"65-282-0419"
1302,9,"26-799-3714"
1303,9,"57-394-4703"
1304,9,"46-436-5351"
1305,9,"47-221-3391"
1306,9,"51-000-8113"
1307,9,"39-192-3521"
1308,9,"59-725-4038"
1309,9,"87-097-5691"
1310,9,"11-922-3342"
1311,9,"96-334-2593"
1312,9,"63-956-0739"
1313,9,"35-031-1497"
1314,9,"01-144-5960"
1315,9,"81-354-4203"
1316,9,"73-010-8323"
1317,9,"67-625-9704"
1318,9,"09-622-7119"
1319,9,"66-312-5511"
1320,9,"12-342-4482"
1321,9,"66-627-9752"
1322,9,"47-554-5780"
1323,9,"27-387-0428"
1324,9,"31-403-6234"
1325,9,"03-061-1344"
1326,9,"83-966-3280"
1327,9,"26-010-9519"
1328,9,"28-824-9017"
1329,9,"83-716-2177"
1330,9,"42-879-9478"
1331,9,"85-781-5386"
1332,9,"46-083-7058"
1333,9,"17-647-0503"
1334,9,"54-830-6971"
1335,9,"44-538-3366"
1336,9,"51-934-9117"
1337,9,"44-112-3331"
1338,9,"83-568-3475"
1339,9,"57-167-0669"
1340,9,"24-579-6500"
1341,9,"53-050-8242"
1342,9,"13-844-2178"
1343,9,"71-954-4501"
1344,9,"55-164-7723"
1345,9,"99-561-4871"
1346,9,"94-355-3070"
1347,9,"00-119-8780"
1348,9,"47-802-5023"
1349,9,"61-293-6327"
1350,9,"36-330-5036"
1351,9,"80-072-8774"
1352,9,"45-852-2446"
1353,9,"28-275-5901"
1354,9,"94-528-8088"
1355,9,"64-109-7362"
1356,9,"88-807-8431"
1357,9,"26-535-4727"
1358,9,"56-810-0550"
1359,9,"33-670-6797"
1360,9,"31-255-9616"
1361,9,"50-930-4751"
1362,9,"91-257-3672"
1363,9,"19-323-0506"
1364,9,"37-610-1999"
1365,9,"27-389-3529"
1366,10,"33-335-9140"
1367,10,"35-299-0889"
1368,10,"82-243-3180"
1369,10,"83-573-4586"
1370,10,"64-493-5270"
1371,10,"56-668-5370"
1372,10,"66-327-2821"
1373,10,"00-357-2313"
1374,10,"77-827-0820"
1375,10,"87-903-3486"
1376,10,"88-408-0310"
1377,10,"48-193-1199"
1378,10,"01-439-6231"
1379,10,"82-811-7988"
1380,10,"79-569-8856"
1381,10,"48-289-0604"
1382,10,"67-546-1568"
1383,10,"06-611-5454"
1384,10,"26-031-8070"
1385,10,"97-283-4840"
1386,10,"72-780-6006"
1387,10,"43-153-8268"
1388,10,"21-693-8216"
1389,10,"73-118-1117"
1390,10,"09-536-2626"
1391,10,"10-854-5467"
1392,10,"12-046-2988"
1393,10,"06-858-5680"
1394,10,"95-090-2788"
1395,10,"21-252-1360"
1396,10,"74-294-3760"
1397,10,"23-395-3157"
1398,10,"36-383-3677"
1399,10,"44-480-9446"
1400,10,"03-940-0630"
1401,10,"76-584-4790"
1402,10,"04-240-2226"
1403,10,"06-849-4869"
1404,10,"88-602-8210"
1405,10,"45-317-9731"
1406,10,"11-891-8213"
1407,10,"67-725-6830"
1408,10,"35-353-4068"
1409,10,"05-334-2923"
1410,10,"89-181-4523"
1411,10,"38-417-4656"
1412,10,"02-484-0206"
1413,10,"53-146-9979"
1414,10,"29-205-1132"
1415,10,"06-340-6856"
1416,10,"56-303-5256"
1417,10,"20-387-7746"
1418,10,"53-710-7630"
1419,10,"09-101-1740"
1420,10,"69-743-0161"
1421,10,"45-250-4679"
1422,10,"45-992-5653"
1423,10,"28-003-8065"
1424,10,"58-946-5152"
1425,10,"04-277-5245"
1426,10,"87-013-6488"
1427,10,"51-069-0489"
1428,10,"95-357-2870"
1429,10,"10-255-8579"
1430,10,"86-273-9377"
1431,10,"31-746-4951"
1432,10,"46-520-1819"
1433,10,"65-854-9364"
1434,10,"83-727-0814"
1435,10,"41-316-8427"
1436,10,"93-342-8794"
1437,10,"87-104-0187"
1438,10,"01-839-6534"
1439,10,"42-674-3917"
1440,10,"11-733-1756"
1441,10,"30-591-7275"
1442,10,"90-737-0044"
1443,10,"30-806-3823"
1444,10,"72-404-5581"
1445,10,"57-779-4955"
1446,10,"39-232-5341"
1447,10,"17-493-4579"
1448,10,"21-809-7115"
1449,10,"41-131-3841"
1450,10,"22-141-9798"
1451,10,"10-626-8536"
1452,10,"02-170-5225"
1453,10,"95-640-0293"
1454,10,"55-803-3964"
1455,10,"56-191-6497"
1456,10,"90-230-9767"
1457,10,"04-542-3863"
1458,10,"47-663-5703"
1459,10,"80-441-7249"
1460,10,"42-495-7698"
1461,10,"99-894-4351"
1462,10,"56-875-3717"
1463,10,"10-249-7928"
1464,10,"69-578-7930"
1465,10,"42-887-6557"
1466,10,"89-328-9019"
1467,10,"68-732-5919"
1468,10,"02-895-7781"
1469,10,"21-120-6238"
1470,10,"92-551-8504"
1471,10,"40-683-0283"
1472,10,"30-429-2162"
1473,10,"42-220-9305"
1474,10,"94-598-3383"
1475,10,"08-396-2704"
1476,10,"95-354-8583"
1477,10,"57-394-1587"
1478,10,"73-117-6105"
1479,10,"40-795-0753"
1480,10,"50-329-3360"
1481,10,"07-617-6934"
1482,10,"28-197-9246"
1483,10,"62-777-6010"
1484,10,"54-822-9009"
1485,10,"74-234-0628"
1486,10,"77-224-2227"
1487,10,"21-633-8696"
1488,10,"54-109-8062"
1489,10,"36-531-4087"
1490,10,"44-128-2185"
1491,10,"90-128-7973"
1492,10,"14-489-8669"
1493,10,"99-137-1730"
1494,10,"07-846-4804"
1495,10,"15-169-8058"
1496,10,"14-305-9690"
1497,10,"78-956-4737"
1498,10,"40-003-7322"
1499,10,"79-350-5841"
1500,10,"99-033-5661"
1501,10,"77-377-1659"
1502,10,"35-328-8392"
1503,10,"62-509-0666"
1504,10,"09-335-7793"
1505,11,"26-031-8070"
1506,11,"27-216-9671"
1507,11,"88-602-8210"
1508,11,"21-693-8216"
1509,11,"73-118-1117"
1510,11,"97-283-4840"
1511,11,"09-536-2626"
1512,11,"72-780-6006"
1513,11,"35-299-0889"
1514,11,"42-907-6946"
1515,11,"79-569-8856"
1516,11,"77-013-1553"
1517,11,"84-075-7647"
1518,11,"45-317-9731"
1519,11,"01-439-6231"
1520,11,"65-718-0492"
1521,11,"66-327-2821"
1522,11,"92-837-8839"
1523,11,"64-854-8664"
1524,11,"07-219-8017"
1525,11,"06-858-5680"
1526,11,"71-516-1996"
1527,11,"96-164-0607"
1528,11,"88-408-0310"
1529,11,"42-134-9798"
1530,11,"10-617-7581"
1531,11,"64-493-5270"
1532,11,"48-193-1199"
1533,11,"03-940-0630"
1534,11,"75-080-4909"
1535,11,"00-357-2313"
1536,11,"87-391-9658"
1537,11,"48-289-0604"
1538,11,"36-296-9609"
1539,11,"12-046-2988"
1540,11,"64-418-8356"
1541,11,"24-143-4957"
1542,11,"87-903-3486"
1543,11,"23-395-3157"
1544,11,"10-854-5467"
1545,11,"90-343-9640"
1546,11,"06-611-5454"
1547,11,"76-325-9093"
1548,11,"76-459-2392"
1549,11,"44-480-9446"
1550,12,"83-400-9746"
1551,12,"45-402-0421"
1552,12,"91-553-1774"
1553,12,"24-364-3341"
1554,12,"73-567-6194"
1555,12,"39-913-2999"
1556,12,"40-793-7235"
1557,12,"59-075-2457"
1558,12,"22-760-4605"
1559,12,"60-456-8169"
1560,12,"53-680-5293"
1561,12,"89-602-6755"
1562,12,"59-857-6577"
1563,12,"65-674-6076"
1564,12,"41-526-4036"
1565,12,"82-041-7211"
1566,12,"34-131-8805"
1567,12,"20-405-4865"
1568,12,"35-257-9312"
1569,12,"31-387-5020"
1570,12,"36-177-0573"
1571,12,"56-894-3733"
1572,12,"24-972-6969"
1573,12,"70-871-4536"
1574,12,"49-891-4927"
1575,12,"57-861-4379"
1576,12,"12-714-5135"
1577,12,"00-215-7434"
1578,12,"76-623-7844"
1579,12,"36-127-4273"
1580,12,"98-858-6323"
1581,12,"47-581-0363"
1582,12,"27-262-2437"
1583,12,"62-998-7250"
1584,12,"87-762-1317"
1585,12,"98-546-7398"
1586,12,"10-218-2680"
1587,12,"53-930-2215"
1588,12,"57-613-5779"
1589,12,"08-213-2058"
1590,12,"46-931-6897"
1591,12,"84-327-7787"
1592,12,"61-796-6540"
1593,12,"80-375-9075"
1594,12,"18-107-7886"
1595,12,"02-085-7218"
1596,12,"33-807-7247"
1597,12,"51-459-5630"
1598,12,"06-503-5891"
1599,12,"95-349-0828"
1600,12,"92-995-8689"
1601,12,"55-522-8242"
1602,12,"06-996-3221"
1603,12,"44-305-1866"
1604,12,"28-146-2641"
1605,12,"09-286-8107"
1606,12,"68-418-6724"
1607,12,"93-218-8108"
1608,12,"61-607-7622"
1609,12,"02-034-6209"
1610,12,"02-508-3777"
1611,12,"19-672-8982"
1612,12,"23-265-8144"
1613,12,"85-440-3667"
1614,12,"39-629-5554"
1615,12,"11-815-7923"
1616,12,"41-237-5498"
1617,12,"50-329-3145"
1618,12,"32-261-0008"
1619,12,"06-068-6793"
1620,12,"48-770-6319"
1621,12,"18-278-2383"
1622,12,"97-093-4278"
1623,12,"39-315-3936"
1624,12,"81-573-0943"
1625,12,"70-542-4269"
1626,12,"26-134-9069"
1627,12,"03-441-4252"
1628,12,"60-327-4114"
1629,12,"66-716-8221"
1630,12,"13-798-3397"
1631,12,"56-937-8675"
1632,12,"65-368-2479"
1633,12,"65-464-5070"
1634,12,"12-998-3882"
1635,12,"39-449-0772"
1636,12,"34-538-1180"
1637,12,"46-452-9419"
1638,12,"34-861-4446"
1639,12,"40-997-2786"
1640,12,"58-229-1358"
1641,12,"00-963-2193"
1642,12,"46-632-8420"
1643,12,"47-866-6589"
1644,12,"49-570-8214"
1645,12,"82-380-5378"
1646,12,"27-757-4489"
1647,12,"95-130-9020"
1648,12,"54-374-9986"
1649,12,"49-579-4325"
1650,12,"92-291-7089"
1651,12,"07-858-5487"
1652,12,"00-842-9790"
1653,12,"85-212-2729"
1654,12,"87-272-6544"
1655,12,"08-495-6853"
1656,12,"74-181-4135"
1657,12,"55-631-7937"
1658,12,"28-956-1320"
1659,12,"80-371-3695"
1660,12,"39-768-8205"
1661,12,"97-040-3822"
1662,12,"22-778-3553"
1663,12,"41-594-5069"
1664,12,"08-961-3009"
1665,12,"33-378-1365"
1666,12,"46-753-8430"
1667,12,"76-070-1411"
1668,12,"62-393-9939"
1669,12,"82-711-0772"
1670,12,"99-961-0767"
1671,12,"72-341-1154"
1672,12,"96-682-8546"
1673,12,"83-553-9523"
1674,12,"25-522-6043"
1675,12,"98-499-2220"
1676,12,"96-209-1739"
1677,12,"81-578-7404"
1678,12,"42-141-5718"
1679,12,"50-772-2613"
1680,12,"47-554-5780"
1681,12,"66-627-9752"
1682,12,"26-010-9519"
1683,12,"03-919-9890"
1684,12,"46-083-7058"
1685,12,"31-255-9616"
1686,12,"08-114-3922"
1687,12,"71-067-3278"
1688,12,"46-255-3073"
1689,12,"27-681-5588"
1690,12,"66-312-5511"
1691,12,"61-293-6327"
1692,12,"53-050-8242"
1693,12,"50-930-4751"
1694,12,"28-824-9017"
1695,12,"56-831-6199"
1696,12,"26-535-4727"
1697,12,"26-456-1992"
1698,12,"24-579-6500"
1699,12,"44-538-3366"
1700,12,"13-844-2178"
1701,12,"28-275-5901"
1702,12,"96-774-0457"
1703,12,"94-020-6982"
1704,12,"27-389-3529"
1705,12,"56-810-0550"
1706,12,"19-323-0506"
1707,12,"41-729-5410"
1708,12,"19-377-5021"
1709,12,"71-954-4501"
1710,12,"88-069-5486"
1711,12,"40-462-2952"
1712,12,"60-343-3288"
1713,12,"44-112-3331"
1714,12,"60-644-6596"
1715,12,"22-266-9291"
1716,12,"94-528-8088"
1717,12,"01-144-5960"
1718,12,"74-666-5671"
1719,12,"85-781-5386"
1720,12,"45-852-2446"
1721,12,"83-716-2177"
1722,12,"73-401-5721"
1723,12,"60-550-4771"
1724,12,"06-336-5482"
1725,12,"81-605-6246"
1726,12,"36-330-5036"
1727,12,"98-445-7372"
1728,12,"39-479-5147"
1729,12,"51-934-9117"
1730,12,"17-647-0503"
1731,12,"55-164-7723"
1732,12,"71-631-5875"
1733,12,"08-725-8156"
1734,12,"10-445-0741"
1735,12,"88-807-8431"
1736,12,"47-802-5023"
1737,12,"52-797-6961"
1738,12,"00-119-8780"
1739,12,"32-676-1026"
1740,12,"73-010-8323"
1741,12,"57-167-0669"
1742,12,"80-072-8774"
1743,12,"37-610-1999"
1744,12,"12-342-4482"
1745,13,"93-166-3169"
1746,13,"14-681-7035"
1747,13,"92-152-5820"
1748,13,"87-097-5691"
1749,13,"35-617-3857"
1750,13,"37-064-7275"
1751,13,"86-482-6451"
1752,13,"24-228-6840"
1753,13,"40-810-9261"
1754,13,"55-154-4728"
1755,13,"51-000-8113"
1756,13,"04-001-1793"
1757,13,"46-436-5351"
1758,13,"83-704-6367"
1759,13,"32-987-5559"
1760,13,"85-806-8672"
1761,13,"88-951-9038"
1762,13,"78-689-8958"
1763,13,"58-122-2282"
1764,13,"48-414-6162"
1765,13,"39-192-3521"
1766,13,"21-816-1004"
1767,13,"78-237-0277"
1768,13,"80-459-5950"
1769,13,"95-262-6208"
1770,13,"65-282-0419"
1771,13,"14-844-4138"
1772,13,"35-031-1497"
1773,13,"40-681-9981"
1774,13,"63-956-0739"
1775,13,"19-244-9890"
1776,13,"36-918-2937"
1777,13,"16-632-1308"
1778,13,"85-237-3505"
1779,13,"27-442-3654"
1780,13,"76-954-1442"
1781,13,"06-706-6490"
1782,13,"28-185-7303"
1783,13,"57-394-4703"
1784,13,"56-937-8675"
1785,13,"83-553-9523"
1786,13,"85-835-3445"
1787,13,"04-104-6993"
1788,13,"21-890-2826"
1789,13,"70-206-4860"
1790,13,"82-380-5378"
1791,13,"67-512-9754"
1792,13,"96-682-8546"
1793,13,"09-286-8107"
1794,13,"28-956-1320"
1795,13,"33-807-7247"
1796,13,"95-449-1286"
1797,13,"95-130-9020"
1798,13,"95-349-0828"
1799,13,"98-499-2220"
1800,13,"40-793-7235"
1801,13,"50-772-2613"
1802,13,"14-305-5348"
1803,13,"56-894-3733"
1804,13,"31-157-1822"
1805,13,"57-861-4379"
1806,13,"25-522-6043"
1807,13,"27-757-4489"
1808,13,"97-040-3822"
1809,13,"00-215-7434"
1810,13,"41-237-5498"
1811,13,"20-405-4865"
1812,13,"59-857-6577"
1813,13,"99-961-0767"
1814,13,"02-508-3777"
1815,13,"68-436-1268"
1816,13,"35-621-2546"
1817,13,"12-798-9401"
1818,13,"07-858-5487"
1819,13,"66-268-8345"
1820,13,"07-389-5740"
1821,13,"83-400-9746"
1822,13,"49-730-0159"
1823,13,"81-578-7404"
1824,13,"70-149-6756"
1825,13,"06-996-3221"
1826,13,"93-218-8108"
1827,13,"13-798-3397"
1828,13,"92-291-7089"
1829,13,"46-452-9419"
1830,13,"60-327-4114"
1831,13,"84-327-7787"
1832,13,"79-400-6216"
1833,13,"83-763-5038"
1834,13,"27-459-0724"
1835,13,"42-141-5718"
1836,13,"76-623-7844"
1837,13,"35-257-9312"
1838,13,"82-711-0772"
1839,13,"80-375-9075"
1840,13,"53-680-5293"
1841,13,"17-253-5688"
1842,13,"51-459-5630"
1843,13,"59-075-2457"
1844,13,"08-213-2058"
1845,13,"48-770-6319"
1846,13,"18-107-7886"
1847,13,"26-000-1012"
1848,13,"46-753-8430"
1849,13,"45-402-0421"
1850,13,"55-697-5242"
1851,13,"54-374-9986"
1852,13,"55-631-7937"
1853,13,"49-579-4325"
1854,13,"43-193-9915"
1855,13,"07-834-3320"
1856,13,"46-632-8420"
1857,13,"36-177-0573"
1858,13,"91-553-1774"
1859,13,"31-387-5020"
1860,13,"03-597-9488"
1861,13,"96-209-1739"
1862,13,"40-913-9772"
1863,13,"98-148-0940"
1864,13,"76-090-4411"
1865,13,"85-440-3667"
1866,13,"69-674-5387"
1867,13,"26-134-9069"
1868,13,"44-305-1866"
1869,13,"82-678-8097"
1870,13,"41-526-4036"
1871,13,"61-607-7622"
1872,13,"35-836-6718"
1873,13,"39-315-3936"
1874,13,"57-613-5779"
1875,13,"19-672-8982"
1876,13,"53-930-2215"
1877,13,"87-762-1317"
1878,13,"43-164-5984"
1879,13,"34-538-1180"
1880,13,"00-842-9790"
1881,13,"50-329-3145"
1882,13,"97-093-4278"
1883,13,"60-456-8169"
1884,13,"34-131-8805"
1885,13,"06-068-6793"
1886,13,"28-146-2641"
1887,13,"51-312-8608"
1888,14,"55-522-8242"
1889,14,"11-815-7923"
1890,14,"70-149-6756"
1891,14,"25-522-6043"
1892,14,"95-349-0828"
1893,14,"00-842-9790"
1894,14,"97-040-3822"
1895,14,"70-206-4860"
1896,14,"55-697-5242"
1897,14,"31-387-5020"
1898,14,"08-961-3009"
1899,14,"08-213-2058"
1900,14,"03-149-9760"
1901,14,"06-996-3221"
1902,14,"82-711-0772"
1903,14,"80-375-9075"
1904,14,"51-312-8608"
1905,14,"93-218-8108"
1906,14,"28-146-2641"
1907,14,"66-268-8345"
1908,14,"12-714-5135"
1909,14,"76-090-4411"
1910,14,"97-300-7511"
1911,14,"09-286-8107"
1912,14,"44-305-1866"
1913,14,"85-835-3445"
1914,14,"70-542-4269"
1915,14,"18-278-2383"
1916,14,"39-768-8205"
1917,14,"02-085-7218"
1918,14,"37-606-0510"
1919,14,"53-680-5293"
1920,14,"56-894-3733"
1921,14,"03-597-9488"
1922,14,"97-093-4278"
1923,14,"14-305-5348"
1924,14,"98-909-9395"
1925,14,"86-672-4191"
1926,14,"36-177-0573"
1927,14,"40-997-2786"
1928,14,"43-693-2092"
1929,14,"00-963-2193"
1930,14,"67-984-5368"
1931,14,"10-218-2680"
1932,14,"96-682-8546"
1933,14,"31-157-1822"
1934,14,"24-364-3341"
1935,14,"95-130-9020"
1936,14,"14-521-4167"
1937,14,"62-998-7250"
1938,14,"28-956-1320"
1939,14,"08-495-6853"
1940,14,"85-440-3667"
1941,14,"67-512-9754"
1942,14,"07-858-5487"
1943,14,"58-229-1358"
1944,14,"18-199-5799"
1945,14,"54-374-9986"
1946,14,"72-341-1154"
1947,14,"70-871-4536"
1948,14,"62-393-9939"
1949,14,"74-181-4135"
1950,14,"87-272-6544"
1951,14,"60-327-4114"
1952,14,"69-674-5387"
1953,14,"06-503-5891"
1954,14,"12-828-1063"
1955,14,"99-961-0767"
1956,14,"98-858-6323"
1957,14,"50-772-2613"
1958,14,"27-459-0724"
1959,14,"90-773-9557"
1960,14,"82-041-7211"
1961,14,"47-581-0363"
1962,14,"27-262-2437"
1963,14,"50-329-3145"
1964,14,"46-753-8430"
1965,14,"76-623-7844"
1966,14,"21-890-2826"
1967,14,"20-405-4865"
1968,14,"61-796-6540"
1969,14,"56-937-8675"
1970,14,"96-209-1739"
1971,14,"81-578-7404"
1972,14,"98-499-2220"
1973,14,"35-621-2546"
1974,14,"57-613-5779"
1975,14,"76-070-1411"
1976,14,"19-672-8982"
1977,14,"49-891-4927"
1978,14,"33-807-7247"
1979,14,"00-215-7434"
1980,14,"46-632-8420"
1981,15,"10-445-0741"
1982,15,"53-050-8242"
1983,15,"32-676-1026"
1984,15,"88-807-8431"
1985,15,"71-954-4501"
1986,15,"01-144-5960"
1987,15,"85-781-5386"
1988,15,"13-844-2178"
1989,15,"61-293-6327"
1990,15,"66-312-5511"
1991,15,"88-069-5486"
1992,15,"47-578-4161"
1993,15,"39-479-5147"
1994,15,"91-426-3204"
1995,15,"37-610-1999"
1996,15,"50-930-4751"
1997,15,"24-579-6500"
1998,15,"44-112-3331"
1999,15,"94-355-3070"
2000,15,"26-535-4727"
2001,15,"36-840-2728"
2002,15,"56-810-0550"
2003,15,"83-568-3475"
2004,15,"45-852-2446"
2005,15,"98-445-7372"
2006,15,"94-528-8088"
2007,15,"27-681-5588"
2008,15,"09-622-7119"
2009,15,"26-456-1992"
2010,15,"22-266-9291"
2011,15,"81-268-5905"
2012,15,"80-072-8774"
2013,15,"31-255-9616"
2014,15,"57-167-0669"
2015,15,"45-634-0679"
2016,15,"81-354-4203"
2017,15,"33-670-6797"
2018,15,"03-919-9890"
2019,15,"35-835-5591"
2020,15,"27-387-0428"
2021,15,"83-966-3280"
2022,15,"03-061-1344"
2023,15,"96-774-0457"
2024,15,"67-625-9704"
2025,15,"06-336-5482"
2026,15,"19-377-5021"
2027,15,"51-934-9117"
2028,15,"99-561-4871"
2029,15,"17-647-0503"
2030,15,"83-716-2177"
2031,15,"08-114-3922"
2032,15,"91-257-3672"
2033,15,"66-627-9752"
2034,15,"74-666-5671"
2035,15,"26-010-9519"
2036,15,"12-342-4482"
2037,16,"90-128-7973"
2038,16,"67-725-6830"
2039,16,"17-493-4579"
2040,16,"29-377-7040"
2041,16,"95-640-0293"
2042,16,"09-101-1740"
2043,16,"11-733-1756"
2044,16,"84-151-2114"
2045,16,"69-578-7930"
2046,16,"35-328-8392"
2047,16,"36-636-4873"
2048,16,"77-377-1659"
2049,16,"04-542-3863"
2050,16,"06-690-2335"
2051,16,"34-547-0827"
2052,16,"92-551-8504"
2053,16,"31-746-4951"
2054,16,"45-992-5653"
2055,16,"57-779-4955"
2056,16,"01-703-8441"
2057,16,"90-865-9150"
2058,16,"38-417-4656"
2059,16,"51-069-0489"
2060,16,"36-531-4087"
2061,16,"51-469-4611"
2062,16,"09-618-2842"
2063,16,"02-484-0206"
2064,16,"67-710-5120"
2065,16,"44-782-1395"
2066,16,"95-354-8583"
2067,16,"29-896-7926"
2068,16,"76-854-0095"
2069,16,"40-683-0283"
2070,16,"84-269-9130"
2071,16,"22-895-6595"
2072,16,"55-936-2406"
2073,16,"90-230-9767"
2074,16,"67-270-7464"
2075,16,"62-816-8794"
2076,16,"77-937-1108"
2077,16,"57-394-1587"
2078,16,"83-727-0814"
2079,16,"94-598-3383"
2080,16,"74-234-0628"
2081,16,"10-255-8579"
2082,16,"12-093-9863"
2083,16,"54-109-8062"
2084,16,"14-489-8669"
2085,16,"41-316-8427"
2086,16,"45-050-4720"
2087,16,"29-135-0791"
2088,16,"60-911-3745"
2089,16,"93-571-7294"
2090,16,"90-737-0044"
2091,16,"39-810-2042"
2092,16,"39-358-3340"
2093,16,"22-319-1377"
2094,16,"22-141-9798"
2095,16,"20-022-3173"
2096,16,"06-340-6856"
2097,16,"56-303-5256"
2098,16,"62-777-6010"
2099,16,"06-655-5498"
2100,16,"68-732-5919"
2101,16,"04-758-0410"
2102,16,"87-423-8486"
2103,16,"02-655-3240"
2104,16,"95-357-2870"
2105,16,"19-967-0632"
2106,16,"35-353-4068"
2107,16,"70-587-1204"
2108,16,"74-711-7160"
2109,16,"65-145-9672"
2110,16,"80-020-8041"
2111,16,"58-946-5152"
2112,16,"40-795-0753"
2113,16,"53-146-9979"
2114,16,"86-273-9377"
2115,16,"44-634-8292"
2116,16,"30-806-3823"
2117,16,"22-083-3347"
2118,16,"42-674-3917"
2119,16,"21-120-6238"
2120,16,"78-956-4737"
2121,16,"93-342-8794"
2122,16,"08-396-2704"
2123,16,"29-205-1132"
2124,16,"53-008-2419"
2125,16,"37-567-3218"
2126,16,"36-372-2295"
2127,16,"47-749-3277"
2128,16,"44-128-2185"
2129,16,"92-791-0606"
2130,16,"79-350-5841"
2131,16,"56-875-3717"
2132,16,"46-520-1819"
2133,16,"21-633-8696"
2134,16,"65-854-9364"
2135,16,"50-329-3360"
2136,16,"87-013-6488"
2137,16,"96-961-2193"
2138,16,"86-257-4613"
2139,16,"07-617-6934"
2140,16,"82-231-4245"
2141,16,"28-003-8065"
2142,16,"80-441-7249"
2143,16,"83-556-0996"
2144,16,"40-003-7322"
2145,16,"62-509-0666"
2146,16,"42-495-7698"
2147,16,"14-550-2152"
2148,16,"58-122-2282"
2149,16,"63-956-0739"
2150,16,"24-009-1208"
2151,16,"05-184-4175"
2152,16,"80-459-5950"
2153,16,"11-155-7826"
2154,16,"48-427-0551"
2155,16,"16-187-5729"
2156,16,"40-810-9261"
2157,16,"20-225-3930"
2158,16,"21-816-1004"
2159,16,"40-860-4532"
2160,16,"11-922-3342"
2161,16,"74-305-1263"
2162,16,"16-632-1308"
2163,16,"78-689-8958"
2164,16,"27-442-3654"
2165,16,"86-482-6451"
2166,16,"15-045-8444"
2167,16,"14-681-7035"
2168,16,"26-799-3714"
2169,16,"48-414-6162"
2170,16,"85-806-8672"
2171,16,"65-282-0419"
2172,16,"59-725-4038"
2173,16,"46-436-5351"
2174,16,"06-706-6490"
2175,16,"85-237-3505"
2176,16,"31-969-4614"
2177,16,"04-001-1793"
2178,16,"57-394-4703"
2179,16,"67-473-7093"
2180,16,"55-680-0982"
2181,16,"39-192-3521"
2182,16,"57-562-2358"
2183,16,"43-469-7551"
2184,16,"51-000-8113"
2185,16,"14-844-4138"
2186,16,"74-610-2295"
2187,16,"35-617-3857"
2188,16,"88-951-9038"
2189,16,"47-221-3391"
2190,16,"00-534-9775"
2191,16,"00-641-8691"
2192,16,"87-097-5691"
2193,16,"19-244-9890"
2194,16,"80-374-5711"
2195,17,"47-843-8207"
2196,17,"08-573-9997"
2197,17,"44-552-3909"
2198,17,"96-316-7600"
2199,17,"88-401-3700"
2200,17,"01-050-2246"
2201,17,"11-053-0107"
2202,17,"43-851-9440"
2203,17,"84-272-0790"
2204,17,"64-119-7804"
2205,17,"76-401-7083"
2206,17,"21-718-6746"
2207,17,"30-964-2694"
2208,17,"72-066-4597"
2209,17,"90-303-1821"
2210,17,"60-747-8704"
2211,17,"13-980-8804"
2212,17,"95-356-1566"
2213,17,"13-144-2169"
2214,17,"19-854-3663"
2215,17,"38-664-2155"
2216,17,"82-538-4809"
2217,17,"83-917-7384"
2218,17,"37-709-3532"
2219,17,"05-498-7751"
2220,17,"17-395-1121"
2221,17,"80-227-6886"
2222,17,"04-293-6969"
2223,17,"79-494-2472"
2224,17,"20-283-0111"
2225,17,"11-325-7396"
2226,17,"29-823-6004"
2227,17,"79-741-0770"
2228,17,"48-789-9187"
2229,17,"80-025-6757"
2230,17,"05-425-0746"
2231,17,"34-075-0371"
2232,17,"88-746-9468"
2233,17,"36-899-5324"
2234,17,"30-996-2526"
2235,17,"60-285-3783"
2236,17,"13-202-4809"
2237,17,"48-957-6116"
2238,17,"48-461-3742"
2239,17,"71-015-9181"
2240,17,"38-390-2115"
2241,17,"48-242-8445"
2242,17,"27-474-0056"
2243,17,"93-015-0811"
2244,17,"49-199-6836"
2245,17,"01-903-5373"
2246,17,"16-380-0753"
2247,17,"48-957-8596"
2248,17,"40-751-8635"
2249,17,"99-048-8310"
2250,17,"67-382-4435"
2251,17,"91-848-0606"
2252,17,"52-402-9245"
2253,17,"25-010-9478"
2254,17,"53-446-8243"
2255,17,"49-526-7806"
2256,17,"38-296-6634"
2257,17,"09-712-3630"
2258,17,"76-340-4432"
2259,17,"63-162-9244"
2260,17,"15-884-7413"
2261,17,"51-462-0747"
2262,17,"32-933-0329"
2263,17,"28-840-6096"
2264,17,"02-575-1980"
2265,17,"29-741-8132"
2266,17,"93-198-5984"
2267,17,"38-732-7667"
2268,17,"21-993-5632"
2269,17,"37-248-6266"
2270,17,"45-172-7012"
2271,17,"17-504-3699"
2272,17,"82-977-7752"
2273,17,"43-910-2342"
2274,17,"93-966-7754"
2275,17,"22-849-2551"
2276,17,"91-127-7489"
2277,17,"99-194-5600"
2278,17,"28-968-4195"
2279,17,"34-110-1040"
2280,17,"20-031-0532"
2281,17,"54-281-3746"
2282,17,"74-404-0582"
2283,17,"25-349-7974"
2284,17,"65-527-9488"
2285,17,"15-907-3681"
2286,17,"75-152-8731"
2287,17,"88-586-8797"
2288,17,"13-673-7016"
2289,17,"71-436-5841"
2290,17,"15-762-1058"
2291,17,"83-117-7658"
2292,17,"82-931-7126"
2293,17,"22-621-2774"
2294,17,"28-505-8317"
2295,17,"13-900-9016"
2296,17,"80-658-6456"
2297,17,"66-378-7532"
2298,17,"49-861-7823"
2299,17,"10-002-6494"
2300,17,"56-054-8664"
2301,17,"97-772-2336"
2302,17,"76-264-0748"
2303,17,"33-507-9886"
2304,17,"03-833-3577"
2305,17,"15-562-3712"
2306,17,"79-920-2395"
2307,17,"98-556-5323"
2308,17,"44-546-5713"
2309,17,"69-287-9113"
2310,17,"68-977-2498"
2311,17,"74-430-8245"
2312,17,"94-071-2261"
2313,17,"58-005-5343"
2314,17,"44-408-7594"
2315,17,"07-074-1196"
2316,17,"94-658-4945"
2317,17,"15-240-6267"
2318,17,"27-635-8394"
2319,17,"27-269-5260"
2320,17,"26-161-6692"
2321,17,"06-797-4963"
2322,17,"63-168-6018"
2323,17,"40-021-2400"
2324,17,"26-177-5690"
2325,17,"76-540-6407"
2326,17,"06-731-2162"
2327,17,"49-311-3063"
2328,17,"05-720-8792"
2329,17,"70-005-5970"
2330,17,"70-145-2550"
2331,17,"63-822-5278"
2332,17,"11-338-4598"
2333,17,"20-325-1965"
2334,17,"85-207-4164"
2335,17,"20-448-2972"
2336,17,"60-771-0879"
2337,17,"80-334-0215"
2338,17,"12-439-8428"
2339,17,"43-670-8544"
2340,17,"52-481-5224"
2341,17,"89-543-3456"
2342,17,"00-405-7428"
2343,17,"45-194-4094"
2344,17,"73-997-6251"
2345,17,"11-581-9869"
2346,17,"56-213-0577"
2347,17,"08-519-5579"
2348,17,"61-680-9496"
2349,17,"11-745-3025"
2350,17,"52-123-8039"
2351,17,"31-803-5001"
2352,17,"14-836-2894"
2353,17,"15-082-9124"
2354,17,"72-989-2512"
2355,17,"68-977-6854"
2356,17,"25-911-7736"
2357,17,"87-698-0944"
2358,17,"63-874-9747"
2359,17,"44-637-5512"
2360,17,"76-027-4850"
2361,17,"57-437-1828"
2362,17,"12-239-9399"
2363,17,"05-193-8096"
2364,17,"67-027-7269"
2365,17,"34-369-7712"
2366,17,"17-265-1899"
2367,17,"98-575-4736"
2368,17,"74-642-2435"
2369,17,"29-875-6900"
2370,17,"47-221-2470"
2371,17,"74-587-2065"
2372,17,"84-546-7624"
2373,17,"03-043-9933"
2374,17,"87-997-0228"
2375,17,"53-151-5726"
2376,17,"53-667-4109"
2377,17,"85-561-4694"
2378,17,"74-132-5528"
2379,17,"58-063-8633"
2380,17,"34-928-2775"
2381,17,"98-235-2711"
2382,18,"74-711-7160"
2383,18,"14-489-8669"
2384,18,"21-633-8696"
2385,18,"41-131-3841"
2386,18,"29-377-7040"
2387,18,"84-151-2114"
2388,18,"20-022-3173"
2389,18,"40-003-7322"
2390,18,"57-779-4955"
2391,18,"56-875-3717"
2392,18,"83-556-0996"
2393,18,"51-069-0489"
2394,18,"39-358-3340"
2395,18,"22-083-3347"
2396,18,"70-587-1204"
2397,18,"90-230-9767"
2398,18,"39-232-5341"
2399,18,"02-895-7781"
2400,18,"99-137-1730"
2401,18,"35-353-4068"
2402,18,"10-249-7928"
2403,18,"92-791-0606"
2404,18,"06-340-6856"
2405,18,"94-598-3383"
2406,18,"10-626-8536"
2407,18,"89-922-4773"
2408,18,"02-484-0206"
2409,18,"01-839-6534"
2410,18,"36-636-4873"
2411,18,"67-270-7464"
2412,18,"37-567-3218"
2413,18,"28-003-8065"
2414,18,"09-335-7793"
2415,18,"62-777-6010"
2416,18,"93-342-8794"
2417,18,"84-269-9130"
2418,18,"21-120-6238"
2419,18,"55-803-3964"
2420,18,"60-911-3745"
2421,18,"87-013-6488"
2422,18,"53-008-2419"
2423,18,"72-404-5581"
2424,18,"15-169-8058"
2425,18,"45-992-5653"
2426,18,"58-946-5152"
2427,18,"21-809-7115"
2428,18,"76-854-0095"
2429,18,"68-732-5919"
2430,18,"83-727-0814"
2431,18,"80-020-8041"
2432,18,"57-101-0060"
2433,18,"04-277-5245"
2434,18,"46-622-3434"
2435,18,"87-104-0187"
2436,18,"77-377-1659"
2437,18,"77-937-1108"
2438,18,"87-423-8486"
2439,18,"74-234-0628"
2440,18,"67-710-5120"
2441,18,"55-936-2406"
2442,18,"53-146-9979"
2443,18,"42-674-3917"
2444,18,"04-542-3863"
2445,18,"40-795-0753"
2446,18,"90-128-7973"
2447,18,"50-329-3360"
2448,18,"08-396-2704"
2449,18,"19-967-0632"
2450,18,"52-392-5312"
2451,18,"29-205-1132"
2452,18,"39-810-2042"
2453,18,"89-181-4523"
2454,18,"10-255-8579"
2455,18,"06-655-5498"
2456,18,"31-746-4951"
2457,18,"10-034-7654"
2458,18,"04-758-0410"
2459,18,"93-571-7294"
2460,18,"47-749-3277"
2461,18,"36-531-4087"
2462,18,"36-372-2295"
2463,18,"20-387-7746"
2464,18,"56-191-6497"
2465,18,"62-509-0666"
2466,18,"42-495-7698"
2467,18,"30-429-2162"
2468,18,"56-303-5256"
2469,18,"95-640-0293"
2470,18,"90-737-0044"
2471,18,"67-725-6830"
2472,18,"92-551-8504"
2473,18,"44-128-2185"
2474,18,"96-961-2193"
2475,18,"45-250-4679"
2476,18,"29-135-0791"
2477,18,"09-101-1740"
2478,18,"90-865-9150"
2479,18,"44-782-1395"
2480,18,"44-634-8292"
2481,18,"07-846-4804"
2482,18,"05-334-2923"
2483,18,"42-887-6557"
2484,18,"11-733-1756"
2485,18,"34-547-0827"
2486,18,"95-354-8583"
2487,18,"06-955-3428"
2488,18,"29-592-7315"
2489,18,"77-777-4536"
2490,18,"65-145-9672"
2491,18,"73-117-6105"
2492,18,"23-070-2433"
2493,18,"80-441-7249"
2494,18,"09-618-2842"
2495,18,"69-171-1305"
2496,18,"95-357-2870"
2497,18,"30-591-7275"
2498,18,"41-316-8427"
2499,18,"77-224-2227"
2500,18,"02-655-3240"
2501,18,"54-109-8062"
2502,18,"45-050-4720"
2503,18,"69-578-7930"
2504,18,"14-305-9690"
2505,18,"99-894-4351"
2506,18,"99-033-5661"
2507,18,"01-703-8441"
2508,18,"65-854-9364"
2509,18,"51-761-6320"
2510,18,"98-148-0940"
2511,18,"87-272-6544"
2512,18,"39-768-8205"
2513,18,"19-672-8982"
2514,18,"40-913-9772"
2515,18,"40-997-2786"
2516,18,"06-503-5891"
2517,18,"58-229-1358"
2518,18,"04-104-6993"
2519,18,"56-937-8675"
2520,18,"35-836-6718"
2521,18,"43-693-2092"
2522,18,"98-064-4465"
2523,18,"39-449-0772"
2524,18,"35-621-2546"
2525,18,"18-278-2383"
2526,18,"34-538-1180"
2527,18,"84-327-7787"
2528,18,"61-607-7622"
2529,18,"49-919-8798"
2530,18,"65-368-2479"
2531,18,"98-909-9395"
2532,18,"13-798-3397"
2533,18,"03-149-9760"
2534,18,"41-237-5498"
2535,18,"81-578-7404"
2536,18,"89-602-6755"
2537,18,"46-632-8420"
2538,18,"42-141-5718"
2539,18,"22-760-4605"
2540,18,"48-770-6319"
2541,18,"70-542-4269"
2542,18,"98-499-2220"
2543,18,"55-697-5242"
2544,18,"00-215-7434"
2545,18,"39-315-3936"
2546,18,"40-793-7235"
2547,18,"44-305-1866"
2548,18,"06-996-3221"
2549,18,"43-164-5984"
2550,18,"87-762-1317"
2551,18,"02-034-6209"
2552,18,"07-389-5740"
2553,18,"99-961-0767"
2554,18,"54-374-9986"
2555,18,"73-567-6194"
2556,18,"83-553-9523"
2557,18,"68-436-1268"
2558,18,"12-714-5135"
2559,18,"66-716-8221"
2560,18,"49-579-4325"
2561,18,"74-181-4135"
2562,18,"46-452-9419"
2563,18,"82-678-8097"
2564,18,"21-890-2826"
2565,18,"53-930-2215"
2566,18,"32-261-0008"
2567,18,"24-364-3341"
2568,18,"07-858-5487"
2569,18,"36-127-4273"
2570,18,"79-400-6216"
2571,18,"14-305-5348"
2572,18,"83-400-9746"
2573,18,"85-440-3667"
2574,18,"46-753-8430"
2575,18,"60-327-4114"
2576,18,"82-711-0772"
2577,18,"96-682-8546"
2578,18,"76-070-1411"
2579,18,"92-291-7089"
2580,18,"03-597-9488"
2581,18,"34-131-8805"
2582,18,"53-680-5293"
2583,18,"26-134-9069"
2584,18,"67-512-9754"
2585,18,"22-778-3553"
2586,18,"49-891-4927"
2587,18,"83-763-5038"
2588,18,"46-931-6897"
2589,18,"02-508-3777"
2590,18,"51-459-5630"
2591,18,"50-772-2613"
2592,18,"10-218-2680"
2593,18,"49-730-0159"
2594,18,"12-798-9401"
2595,18,"07-834-3320"
2596,18,"27-783-5470"
2597,18,"45-402-0421"
2598,18,"20-405-4865"
2599,18,"86-672-4191"
2600,18,"27-459-0724"
2601,18,"59-075-2457"
2602,18,"26-000-1012"
2603,18,"41-594-5069"
2604,18,"72-341-1154"
2605,18,"70-149-6756"
2606,18,"39-629-5554"
2607,18,"24-972-6969"
2608,18,"97-300-7511"
2609,18,"28-146-2641"
2610,18,"27-262-2437"
2611,18,"67-984-5368"
2612,18,"81-573-0943"
2613,18,"50-329-3145"
2614,18,"69-674-5387"
2615,18,"03-441-4252"
2616,18,"93-218-8108"
2617,18,"82-380-5378"
2618,18,"18-107-7886"
2619,18,"43-193-9915"
2620,18,"55-631-7937"
2621,18,"85-212-2729"
2622,18,"98-546-7398"
2623,18,"35-257-9312"
2624,18,"08-213-2058"
2625,18,"28-956-1320"
2626,18,"68-418-6724"
2627,18,"57-613-5779"
2628,18,"70-206-4860"
2629,18,"01-820-5784"
2630,18,"57-861-4379"
2631,18,"55-522-8242"
2632,18,"25-522-6043"
2633,18,"80-371-3695"
2634,18,"95-130-9020"
2635,18,"91-553-1774"
2636,18,"37-606-0510"
2637,18,"59-857-6577"
2638,18,"65-464-5070"
2639,18,"36-177-0573"
2640,18,"60-456-8169"
2641,18,"47-866-6589"
2642,18,"33-807-7247"
2643,18,"11-815-7923"
2644,18,"31-387-5020"
2645,18,"41-526-4036"
2646,18,"76-623-7844"
2647,18,"39-913-2999"
2648,19,"87-097-5691"
2649,19,"76-954-1442"
2650,19,"63-956-0739"
2651,19,"35-617-3857"
2652,19,"46-436-5351"
2653,19,"79-136-9840"
2654,19,"40-681-9981"
2655,19,"40-860-4532"
2656,19,"11-155-7826"
2657,19,"04-001-1793"
2658,19,"28-185-7303"
2659,19,"39-192-3521"
2660,19,"38-555-9147"
2661,19,"37-064-7275"
2662,19,"40-810-9261"
2663,19,"96-334-2593"
2664,19,"14-681-7035"
2665,19,"78-689-8958"
2666,19,"95-738-4658"
2667,19,"24-228-6840"
2668,19,"95-262-6208"
2669,19,"88-951-9038"
2670,19,"92-152-5820"
2671,19,"85-237-3505"
2672,19,"32-987-5559"
2673,19,"21-816-1004"
2674,19,"65-282-0419"
2675,19,"00-534-9775"
2676,19,"26-799-3714"
2677,19,"61-801-8665"
2678,19,"27-881-1177"
2679,19,"57-394-4703"
2680,19,"43-469-7551"
2681,19,"93-166-3169"
2682,19,"16-632-1308"
2683,19,"16-187-5729"
2684,19,"92-455-2959"
2685,19,"31-969-4614"
2686,19,"14-550-2152"
2687,19,"60-198-7050"
2688,19,"13-409-9040"
2689,19,"80-459-5950"
2690,19,"48-414-6162"
2691,19,"05-184-4175"
2692,19,"47-221-3391"
2693,19,"36-918-2937"
2694,19,"51-000-8113"
2695,19,"85-806-8672"
2696,19,"06-706-6490"
2697,19,"59-725-4038"
2698,19,"35-031-1497"
2699,19,"27-442-3654"
2700,19,"74-845-3299"
2701,19,"86-330-0214"
2702,19,"80-374-5711"
2703,19,"41-735-9837"
2704,19,"55-680-0982"
2705,19,"86-482-6451"
2706,20,"50-329-3145"
2707,20,"55-631-7937"
2708,20,"09-286-8107"
2709,20,"35-836-6718"
2710,20,"66-268-8345"
2711,20,"51-312-8608"
2712,20,"43-164-5984"
2713,20,"54-374-9986"
2714,20,"50-772-2613"
2715,20,"60-327-4114"
2716,20,"11-815-7923"
2717,20,"08-213-2058"
2718,20,"69-674-5387"
2719,20,"27-459-0724"
2720,20,"92-291-7089"
2721,20,"07-858-5487"
2722,20,"26-134-9069"
2723,20,"31-387-5020"
2724,20,"06-503-5891"
2725,20,"85-440-3667"
2726,20,"40-913-9772"
2727,20,"66-806-6051"
2728,20,"18-107-7886"
2729,20,"96-682-8546"
2730,20,"00-842-9790"
2731,20,"53-680-5293"
2732,20,"46-931-6897"
2733,20,"49-579-4325"
2734,20,"13-798-3397"
2735,20,"98-546-7398"
2736,20,"97-040-3822"
2737,20,"12-798-9401"
2738,20,"55-697-5242"
2739,20,"07-389-5740"
2740,20,"17-253-5688"
2741,20,"93-218-8108"
2742,20,"49-570-8214"
2743,20,"72-341-1154"
2744,20,"82-678-8097"
2745,20,"92-995-8689"
2746,20,"34-538-1180"
2747,20,"42-141-5718"
2748,20,"49-891-4927"
2749,20,"61-796-6540"
2750,20,"85-212-2729"
2751,20,"98-909-9395"
2752,20,"84-327-7787"
2753,20,"89-602-6755"
2754,20,"98-148-0940"
2755,20,"98-858-6323"
2756,20,"57-613-5779"
2757,20,"51-761-6320"
2758,20,"83-553-9523"
2759,20,"06-996-3221"
2760,20,"55-522-8242"
2761,20,"37-606-0510"
2762,20,"20-405-4865"
2763,20,"34-861-4446"
2764,20,"99-961-0767"
2765,20,"95-449-1286"
2766,20,"83-400-9746"
2767,20,"46-452-9419"
2768,20,"59-857-6577"
2769,20,"85-835-3445"
2770,20,"02-508-3777"
2771,20,"12-828-1063"
2772,20,"68-418-6724"
2773,20,"26-000-1012"
2774,20,"90-773-9557"
2775,20,"41-594-5069"
2776,20,"98-499-2220"
2777,20,"35-621-2546"
2778,20,"49-919-8798"
2779,20,"40-793-7235"
2780,20,"23-265-8144"
2781,20,"27-757-4489"
2782,20,"58-229-1358"
2783,20,"56-894-3733"
2784,20,"35-257-9312"
2785,20,"48-770-6319"
2786,20,"79-400-6216"
2787,20,"82-041-7211"
2788,20,"03-597-9488"
2789,20,"97-093-4278"
2790,20,"21-890-2826"
2791,20,"25-522-6043"
2792,20,"82-380-5378"
2793,20,"49-730-0159"
2794,20,"10-218-2680"
2795,20,"65-674-6076"
2796,20,"03-441-4252"
2797,20,"70-206-4860"
2798,20,"86-672-4191"
2799,20,"59-075-2457"
2800,20,"18-199-5799"
2801,20,"34-131-8805"
2802,20,"12-998-3882"
2803,20,"33-378-1365"
2804,20,"67-984-5368"
2805,20,"27-783-5470"
2806,20,"56-937-8675"
2807,20,"81-578-7404"
2808,20,"41-526-4036"
2809,20,"97-300-7511"
2810,20,"08-961-3009"
2811,20,"61-607-7622"
2812,20,"65-368-2479"
2813,20,"96-209-1739"
2814,20,"66-716-8221"
2815,20,"27-262-2437"
2816,20,"53-930-2215"
2817,20,"83-321-7887"
2818,20,"65-464-5070"
2819,20,"60-456-8169"
2820,20,"39-629-5554"
2821,20,"28-956-1320"
2822,20,"43-693-2092"
2823,20,"18-278-2383"
2824,20,"98-064-4465"
2825,20,"76-070-1411"
2826,20,"36-127-4273"
2827,20,"82-711-0772"
2828,20,"44-305-1866"
2829,20,"03-149-9760"
2830,20,"00-963-2193"
2831,20,"45-402-0421"
2832,20,"02-085-7218"
2833,20,"39-449-0772"
2834,20,"95-349-0828"
2835,20,"46-753-8430"
2836,20,"57-861-4379"
2837,20,"24-972-6969"
2838,20,"14-521-4167"
2839,20,"83-763-5038"
2840,20,"43-193-9915"
2841,20,"00-215-7434"
2842,21,"15-796-3130"
2843,21,"28-433-8533"
2844,21,"34-291-4939"
2845,21,"89-673-1543"
2846,21,"17-274-6898"
2847,21,"82-395-5070"
2848,21,"02-920-4829"
2849,21,"80-698-0324"
2850,21,"75-094-1179"
2851,21,"26-629-5920"
2852,21,"76-476-9996"
2853,21,"24-986-5091"
2854,21,"97-710-2449"
2855,21,"69-834-2874"
2856,21,"38-049-9319"
2857,21,"56-657-4387"
2858,21,"24-478-8277"
2859,21,"63-890-1246"
2860,21,"88-977-0175"
2861,21,"51-273-4240"
2862,21,"10-768-2443"
2863,21,"41-475-5305"
2864,21,"60-343-7973"
2865,21,"30-832-5429"
2866,21,"47-441-7682"
2867,21,"28-107-4953"
2868,21,"58-182-6781"
2869,21,"65-759-3721"
2870,21,"99-420-3592"
2871,21,"71-074-6292"
2872,21,"54-758-4622"
2873,21,"19-610-2236"
2874,21,"63-270-7076"
2875,21,"88-183-5781"
2876,21,"29-756-7042"
2877,21,"53-805-9523"
2878,21,"51-583-6029"
2879,21,"04-038-1547"
2880,21,"75-029-9003"
2881,21,"94-525-6925"
2882,21,"31-211-5803"
2883,21,"53-080-8252"
2884,21,"98-652-9569"
2885,21,"69-468-5468"
2886,21,"40-205-8252"
2887,21,"61-317-9944"
2888,21,"85-806-0613"
2889,21,"82-342-7339"
2890,21,"41-538-3129"
2891,21,"70-854-6891"
2892,21,"29-436-6570"
2893,21,"16-354-8122"
2894,21,"94-697-2396"
2895,21,"21-650-9319"
2896,21,"83-108-1174"
2897,21,"01-018-6418"
2898,21,"60-327-4114"
2899,21,"07-389-5740"
2900,21,"65-674-6076"
2901,21,"90-773-9557"
2902,21,"61-796-6540"
2903,21,"07-858-5487"
2904,21,"06-503-5891"
2905,21,"26-134-9069"
2906,21,"12-798-9401"
2907,21,"98-499-2220"
2908,21,"08-213-2058"
2909,21,"70-871-4536"
2910,21,"81-573-0943"
2911,21,"34-861-4446"
2912,21,"36-127-4273"
2913,21,"66-806-6051"
2914,21,"58-229-1358"
2915,21,"48-770-6319"
2916,21,"46-632-8420"
2917,21,"83-553-9523"
2918,21,"07-834-3320"
2919,21,"82-711-0772"
2920,21,"41-237-5498"
2921,21,"60-456-8169"
2922,21,"23-265-8144"
2923,21,"50-772-2613"
2924,21,"41-594-5069"
2925,21,"27-783-5470"
2926,21,"18-278-2383"
2927,21,"44-305-1866"
2928,21,"55-697-5242"
2929,21,"43-164-5984"
2930,21,"40-913-9772"
2931,21,"31-387-5020"
2932,21,"20-405-4865"
2933,21,"92-291-7089"
2934,21,"04-104-6993"
2935,21,"01-820-5784"
2936,21,"97-093-4278"
2937,21,"45-402-0421"
2938,21,"34-131-8805"
2939,21,"35-621-2546"
2940,21,"35-836-6718"
2941,21,"12-998-3882"
2942,21,"51-761-6320"
2943,21,"49-891-4927"
2944,21,"03-149-9760"
2945,21,"68-418-6724"
2946,21,"37-606-0510"
2947,21,"09-286-8107"
2948,21,"02-034-6209"
2949,21,"27-459-0724"
2950,21,"87-762-1317"
2951,21,"26-000-1012"
2952,21,"65-464-5070"
2953,21,"43-693-2092"
2954,21,"19-672-8982"
2955,21,"83-321-7887"
2956,21,"08-495-6853"
2957,21,"99-961-0767"
2958,21,"62-998-7250"
2959,21,"47-581-0363"
2960,21,"51-312-8608"
2961,21,"02-085-7218"
2962,21,"06-996-3221"
2963,21,"95-130-9020"
2964,21,"66-716-8221"
2965,21,"06-068-6793"
2966,21,"98-148-0940"
2967,21,"98-909-9395"
2968,21,"24-972-6969"
2969,21,"57-861-4379"
2970,21,"96-209-1739"
2971,21,"56-937-8675"
2972,21,"47-866-6589"
2973,21,"95-349-0828"
2974,21,"76-623-7844"
2975,21,"40-793-7235"
2976,21,"12-714-5135"
2977,21,"00-842-9790"
2978,21,"65-368-2479"
2979,21,"14-305-5348"
2980,21,"33-807-7247"
2981,21,"46-452-9419"
2982,21,"67-512-9754"
2983,21,"50-329-3145"
2984,21,"03-441-4252"
2985,21,"83-400-9746"
2986,21,"46-931-6897"
2987,21,"08-961-3009"
2988,21,"22-778-3553"
2989,21,"46-753-8430"
2990,21,"25-522-6043"
2991,21,"82-380-5378"
2992,21,"39-913-2999"
2993,21,"54-374-9986"
2994,21,"66-268-8345"
2995,21,"85-440-3667"
2996,21,"97-300-7511"
2997,21,"42-141-5718"
2998,21,"70-149-6756"
2999,21,"61-607-7622"
3000,21,"13-798-3397"
3001,21,"51-459-5630"
3002,21,"39-629-5554"
3003,21,"21-890-2826"
3004,21,"81-578-7404"
3005,21,"31-157-1822"
3006,21,"86-672-4191"
3007,2,"73-942-0508"
3008,6,"15-679-3935"
3009,20,"88-304-2855"
3010,10,"68-973-8812"
3011,16,"14-115-8371"
3012,11,"11-316-8405"
3013,3,"78-614-4402"
3014,20,"95-252-9619"
3015,18,"31-608-1445"
3016,9,"63-918-8253"
3017,8,"31-627-6025"
3018,16,"57-763-5501"
3019,15,"49-377-9731"
3020,9,"46-415-8633"
3021,10,"66-854-5736"
3022,10,"38-822-8005"
3023,4,"19-047-4239"
3024,1,"08-703-1382"
3025,1,"15-144-9413"
3026,11,"43-893-5408"
3027,1,"15-905-7750"
3028,10,"42-175-1648"
3029,3,"68-636-4774"
3030,3,"73-751-4393"
3031,10,"41-240-8856"
3032,14,"69-561-2496"
3033,19,"29-017-6255"
3034,2,"77-312-6317"
3035,16,"02-275-6061"
